pid,experiment,num_trials,model_name,nLL,bic,params,params_labels,success,message,time
56da8da8c5b248000ae2adaf,experiment_1,4,LC_discrete_att_all,34.93145614336687,71.24920664785364,[1.2181975],"[['smoothing', 0]]",True,Optimization terminated successfully.,0.612956693333399
57e91ff08dcd2c00014bea18,experiment_1,4,LC_discrete_att_all,15.969224966622818,33.32474429436552,[3.05024096],"[['smoothing', 0]]",True,Optimization terminated successfully.,1.3676355250000294
5999ad2a0ed7ae0001991b57,experiment_1,4,LC_discrete_att_all,29.579785934554724,60.545866230229336,[1.87970693],"[['smoothing', 0]]",True,Optimization terminated successfully.,0.9406525950000894
5aead02c78b0060001e6b394,experiment_1,4,LC_discrete_att_all,38.62650989843502,78.63931415798993,[9.01337165e-12],"[['smoothing', 0]]",True,Optimization terminated successfully.,1.5245213683330803
5b8bbd437073290001839123,experiment_1,4,LC_discrete_att_all,26.342891165428636,54.07207669197716,[2.08425844],"[['smoothing', 0]]",True,Optimization terminated successfully.,0.6726489816666192
5bcdd6be25295a0001a71beb,experiment_1,4,LC_discrete_att_all,26.366763043631128,54.11982044838214,[2.07944391],"[['smoothing', 0]]",True,Optimization terminated successfully.,0.7636966333331656
5be87e33a14b540001aa2ea5,experiment_1,4,LC_discrete_att_all,29.62100551245091,60.62830538602171,[1.85478014],"[['smoothing', 0]]",True,Optimization terminated successfully.,1.0983204216667217
5bfd745a8acfed00011a6975,experiment_1,4,LC_discrete_att_all,24.179413880577453,49.74512212227479,[2.27658412],"[['smoothing', 0]]",True,Optimization terminated successfully.,0.9816818433333537
5c3f62338cb6f5000180b697,experiment_1,4,LC_discrete_att_all,30.18986709871643,61.76602855855275,[1.85894637],"[['smoothing', 0]]",True,Optimization terminated successfully.,0.9297039483334326
5c405aee40de0b0001437db0,experiment_1,4,LC_discrete_att_all,23.348181263383974,48.082656887887836,[2.4350686],"[['smoothing', 0]]",True,Optimization terminated successfully.,1.1198614949995924
5c48734767be2c0001074eb6,experiment_1,4,LC_discrete_att_all,21.826176350405802,45.03864706193149,[2.48583966],"[['smoothing', 0]]",True,Optimization terminated successfully.,0.6938583866668826
5c5af8dfe7f42600017cde68,experiment_1,4,LC_discrete_att_all,33.26641605363082,67.91912646838153,[1.46054277],"[['smoothing', 0]]",True,Optimization terminated successfully.,0.8946089216668043
5c665e1948985d0001f09675,experiment_1,4,LC_discrete_att_all,26.313501938516666,54.01329823815322,[2.09382606],"[['smoothing', 0]]",True,Optimization terminated successfully.,0.9206676066668782
5c6aeae949b7f0000120b170,experiment_1,4,LC_discrete_att_all,21.8515004796726,45.089295320465084,[2.48767898],"[['smoothing', 0]]",True,Optimization terminated successfully.,0.9234865583333886
5c86addf4b443c000103ad14,experiment_1,4,LC_discrete_att_all,30.999852505418602,63.38599937195709,[1.69744288],"[['smoothing', 0]]",True,Optimization terminated successfully.,1.1244539500000732
5c8a4f339917780016a4ee43,experiment_1,4,LC_discrete_att_all,23.626058796008152,48.63841195313619,[2.44074389],"[['smoothing', 0]]",True,Optimization terminated successfully.,1.0621177483335487
5ca4ed188ef8c300164ed71f,experiment_1,4,LC_discrete_att_all,38.31514709235128,78.01658854582246,[0.55110216],"[['smoothing', 0]]",True,Optimization terminated successfully.,0.6291059183335165
5d2a4351379e510001491ee4,experiment_1,4,LC_discrete_att_all,35.47590810902516,72.33811057917022,[1.31258044],"[['smoothing', 0]]",True,Optimization terminated successfully.,0.39759701500006484
5d6a79f5d10473001a62fa47,experiment_1,4,LC_discrete_att_all,37.14237717840574,75.67104871793137,[0.88311627],"[['smoothing', 0]]",True,Optimization terminated successfully.,0.22167265999984617
5d7955d03ff9070001280c8c,experiment_1,4,LC_discrete_att_all,37.428427908905164,76.24315017893022,[0.70339881],"[['smoothing', 0]]",True,Optimization terminated successfully.,0.9467360633333253
5d7d28b697f15700196423df,experiment_1,4,LC_discrete_att_all,33.39007243432101,68.16643922976192,[1.55139787],"[['smoothing', 0]]",True,Optimization terminated successfully.,0.8475345133338124
5d826a4c25310e001911a87d,experiment_1,4,LC_discrete_att_all,38.626509898418405,78.6393141579567,[38.8989121],"[['smoothing', 0]]",True,Optimization terminated successfully.,0.10582842000003438
5d970d28fa86b600170d9a26,experiment_1,4,LC_discrete_att_all,38.626509898418405,78.6393141579567,[38.8989121],"[['smoothing', 0]]",True,Optimization terminated successfully.,0.02479628833340636
5db6fbd992a62e000c1d47d5,experiment_1,4,LC_discrete_att_all,31.078136349195873,63.54256705951163,[1.67118406],"[['smoothing', 0]]",True,Optimization terminated successfully.,0.9565959300001851
5dcb33ab0550ef819f508abf,experiment_1,4,LC_discrete_att_all,31.675099149413946,64.73649265994779,[1.58257032],"[['smoothing', 0]]",True,Optimization terminated successfully.,0.917175021666723
5dcbc939f28035000c6a572e,experiment_1,4,LC_discrete_att_all,36.01502167652001,73.41633771415991,[1.03902325],"[['smoothing', 0]]",True,Optimization terminated successfully.,0.20999449666657408
5de78fbbd7b2a0000bc2df59,experiment_1,4,LC_discrete_att_all,24.539324849420684,50.464944059961255,[2.27455022],"[['smoothing', 0]]",True,Optimization terminated successfully.,0.9953136699996927
5df3a70877f865293e86c0a0,experiment_1,4,LC_discrete_att_all,37.54877252700608,76.48383941513205,[0.87013425],"[['smoothing', 0]]",True,Optimization terminated successfully.,0.1662206400001499
5e32ef0a66f7ac2bc3bbc675,experiment_1,4,LC_discrete_att_all,24.84486630120817,51.07602696353623,[2.30922501],"[['smoothing', 0]]",True,Optimization terminated successfully.,0.9924034533333421
5e370958fbc3bf68f59c8998,experiment_1,4,LC_discrete_att_all,30.01182525165936,61.40994486443861,[1.75931847],"[['smoothing', 0]]",True,Optimization terminated successfully.,0.983554741666497
5e3af1046218720332ff9cea,experiment_1,4,LC_discrete_att_all,28.913016516459972,59.21232739403983,[1.88965676],"[['smoothing', 0]]",True,Optimization terminated successfully.,1.003180153333718
5e5d61de94ec4d03111eefe3,experiment_1,4,LC_discrete_att_all,38.626509898452674,78.63931415802524,[9.01337165e-12],"[['smoothing', 0]]",True,Optimization terminated successfully.,1.4468600699998206
5e66df8c7f7cf84730f4eb1a,experiment_1,4,LC_discrete_att_all,31.197053881407054,63.780402123933996,[1.77208213],"[['smoothing', 0]]",True,Optimization terminated successfully.,0.9214871800000158
5e7607c3dec4561735fbc3f2,experiment_1,4,LC_discrete_att_all,16.308076133907136,34.00244662893416,[3.01882491],"[['smoothing', 0]]",True,Optimization terminated successfully.,0.8697573816670532
5e7a2605c7d80c064795b86a,experiment_1,4,LC_discrete_att_all,23.163978680784126,47.71425172268814,[2.5165833],"[['smoothing', 0]]",True,Optimization terminated successfully.,0.6498702483334152
5e8e11676c1dea0be7a64cb3,experiment_1,4,LC_discrete_att_all,35.6388533075644,72.6640009762487,[1.07509304],"[['smoothing', 0]]",True,Optimization terminated successfully.,0.21887784666663113
5e9890e8cc36260b3fb2255c,experiment_1,3,LC_discrete_att_all,28.969882423813804,59.038377136295715,[38.8989121],"[['smoothing', 0]]",True,Optimization terminated successfully.,0.018928443333425093
5ea9aec867ff380f1a507873,experiment_1,4,LC_discrete_att_all,24.59544938377895,50.577193128677784,[2.29706687],"[['smoothing', 0]]",True,Optimization terminated successfully.,0.9237214783332699
5eaab75ff9860902c68c9502,experiment_1,4,LC_discrete_att_all,31.3287448319947,64.04378402510929,[1.63025342],"[['smoothing', 0]]",True,Optimization terminated successfully.,0.9059893733336746
5eac1bb54efbe803cc61af29,experiment_1,4,LC_discrete_att_all,17.165634248178144,35.717562857476175,[3.02653699],"[['smoothing', 0]]",True,Optimization terminated successfully.,0.8087459349999941
5eb53f0da7325c023549eff9,experiment_1,4,LC_discrete_att_all,25.083443099036835,51.55318055919356,[2.27268909],"[['smoothing', 0]]",True,Optimization terminated successfully.,0.6301123416662449
5eb7dec5245b8670ff3536f2,experiment_1,4,LC_discrete_att_all,38.626509898418405,78.6393141579567,[38.8989121],"[['smoothing', 0]]",True,Optimization terminated successfully.,0.023646410000219477
5ebc789c4495870c5b3b3911,experiment_1,4,LC_discrete_att_all,25.849765887544923,53.08582613620973,[2.19001068],"[['smoothing', 0]]",True,Optimization terminated successfully.,0.7348913133333553
5eccfbee54762d00083aea9b,experiment_1,4,LC_discrete_att_all,38.626509898418405,78.6393141579567,[38.8989121],"[['smoothing', 0]]",True,Optimization terminated successfully.,0.023490933333232534
5ecd84fc5216e60fe17dd26a,experiment_1,4,LC_discrete_att_all,25.993676204630173,53.37364677038023,[2.12834777],"[['smoothing', 0]]",True,Optimization terminated successfully.,0.5830762166670562
5ed2a11ff7ce322295acbf2e,experiment_1,4,LC_discrete_att_all,38.54112830917251,78.46855097946491,[0.30618478],"[['smoothing', 0]]",True,Optimization terminated successfully.,0.6974215499998536
5ed63746e2b0e6032859b81b,experiment_1,4,LC_discrete_att_all,37.53544372582844,76.45718181277678,[0.75546199],"[['smoothing', 0]]",True,Optimization terminated successfully.,0.933565551666834
5ed8fd2c7adfab08ea2918c4,experiment_1,4,LC_discrete_att_all,19.47341880431155,40.333131969742986,[2.79870311],"[['smoothing', 0]]",True,Optimization terminated successfully.,0.6276191333333069
5ede000fb1248f0009695ab4,experiment_1,4,LC_discrete_att_all,31.828358562108107,65.04301148533611,[1.55344073],"[['smoothing', 0]]",True,Optimization terminated successfully.,0.9854844900003324
5ee06cbc6b82193bc8da5524,experiment_1,4,LC_discrete_att_all,33.589636664531604,68.5655676901831,[1.63465826],"[['smoothing', 0]]",True,Optimization terminated successfully.,0.932144730000194
5eecfb83a383180f01066a86,experiment_1,4,LC_discrete_att_all,38.507395220733244,78.40108480258638,[0.31434915],"[['smoothing', 0]]",True,Optimization terminated successfully.,0.5300774950000535
5f15d1e7f7fa5e0bef2dfb2a,experiment_1,4,LC_discrete_att_all,38.62650989841907,78.63931415795804,[9.01337165e-12],"[['smoothing', 0]]",True,Optimization terminated successfully.,1.4830727466668274
5f17496ef96a7d086a4606ee,experiment_1,4,LC_discrete_att_all,26.370410054275187,54.12711446967026,[2.07965623],"[['smoothing', 0]]",True,Optimization terminated successfully.,0.6428184166667051
5f228a74c16ecb762a93f0ba,experiment_1,4,LC_discrete_att_all,9.95751247367217,21.30131930846423,[3.83945407],"[['smoothing', 0]]",True,Optimization terminated successfully.,0.6129561599998852
5f24954e84188309995be987,experiment_1,4,LC_discrete_att_all,9.663602256345897,20.713498873811684,[3.78816954],"[['smoothing', 0]]",True,Optimization terminated successfully.,0.9604974850003297
5f2f6229b83f0935eb8248c2,experiment_1,4,LC_discrete_att_all,18.625980215954677,38.63825479302924,[2.7959596],"[['smoothing', 0]]",True,Optimization terminated successfully.,0.626562424999914
5f326ff87342ad019f9f3c1d,experiment_1,4,LC_discrete_att_all,24.233711515950166,49.85371739302022,[2.37057209],"[['smoothing', 0]]",True,Optimization terminated successfully.,0.8831690399999691
5f3389a931b4ce1ad61630b0,experiment_1,4,LC_discrete_att_all,24.816822726968347,51.01993981505658,[2.28159448],"[['smoothing', 0]]",True,Optimization terminated successfully.,1.1519485233332185
5f343c0102886030ce1fa987,experiment_1,4,LC_discrete_att_all,31.287031845973647,63.96035805306718,[1.63479984],"[['smoothing', 0]]",True,Optimization terminated successfully.,0.8112615949998144
test_625034503,experiment_1,4,LC_discrete_att_all,31.859344140542643,65.10498264220517,[1.59811567],"[['smoothing', 0]]",True,Optimization terminated successfully.,0.7985946616667207
59402f40e9b44100013b1789,experiment_2,4,LC_discrete_att_all,38.572308189823204,78.5309107407663,[0.29104886],"[['smoothing', 0]]",True,Optimization terminated successfully.,0.540179623333582
59de425bbe399f0001e4975e,experiment_2,4,LC_discrete_att_all,38.626509898418405,78.6393141579567,[38.8989121],"[['smoothing', 0]]",True,Optimization terminated successfully.,0.024675711666835316
5b6baad47e435d0001c1c88f,experiment_2,4,LC_discrete_att_all,35.78920098634814,72.96469633381618,[1.04799386],"[['smoothing', 0]]",True,Optimization terminated successfully.,0.20481981333335472
5b74413e722bd2000195c067,experiment_2,4,LC_discrete_att_all,31.769560558428285,64.92541547797646,[1.55918471],"[['smoothing', 0]]",True,Optimization terminated successfully.,0.9470792866666063
5ba4d6c929629d00014e6c28,experiment_2,4,LC_discrete_att_all,34.07276667360841,69.53182770833672,[1.30231941],"[['smoothing', 0]]",True,Optimization terminated successfully.,0.3839248900001015
5badf0aeae1d020001df2cc7,experiment_2,4,LC_discrete_att_all,38.626096889404636,78.63848813992917,[0.02614343],"[['smoothing', 0]]",True,Optimization terminated successfully.,0.7419295200001216
5c6d938c79151c00017c7560,experiment_2,4,LC_discrete_att_all,30.163611492721905,61.7135173465637,[1.72276662],"[['smoothing', 0]]",True,Optimization terminated successfully.,0.8721936016663676
5c74f0d525c76b0010706736,experiment_2,4,LC_discrete_att_all,36.67672890740381,74.73975217592752,[0.8792986],"[['smoothing', 0]]",True,Optimization terminated successfully.,0.9258654683333589
5c9124ef3b7f9e0013728485,experiment_2,4,LC_discrete_att_all,26.208381526749374,53.803057414618635,[2.16839228],"[['smoothing', 0]]",True,Optimization terminated successfully.,0.5976060899998022
5cae09506d573900175d4727,experiment_2,4,LC_discrete_att_all,36.41926656262506,74.22482748637002,[0.94960494],"[['smoothing', 0]]",True,Optimization terminated successfully.,0.20795992166677024
5cb304b63742a400153b756d,experiment_2,4,LC_discrete_att_all,24.81344565972666,51.01318568057321,[2.30635323],"[['smoothing', 0]]",True,Optimization terminated successfully.,0.9460236416663974
5ccc758ab11510001584a1af,experiment_2,4,LC_discrete_att_all,31.84438002623299,65.07505441358587,[1.55328141],"[['smoothing', 0]]",True,Optimization terminated successfully.,0.9280657966669726
5cd98287b0c5ec0001e0965a,experiment_2,4,LC_discrete_att_all,31.413669025345584,64.21363241181106,[1.61031899],"[['smoothing', 0]]",True,Optimization terminated successfully.,0.9222647849999096
5cdeaeb3557fbd00018a2c59,experiment_2,4,LC_discrete_att_all,20.78153695769992,42.94936827651973,[2.61315298],"[['smoothing', 0]]",True,Optimization terminated successfully.,0.619834433333502
5cf92c7255e1370001e54adb,experiment_2,4,LC_discrete_att_all,34.47232078148872,70.33093592409733,[1.25068682],"[['smoothing', 0]]",True,Optimization terminated successfully.,0.38221684166637715
5d29fbc8f91bdd0016e98503,experiment_2,4,LC_discrete_att_all,38.626509898418405,78.6393141579567,[38.8989121],"[['smoothing', 0]]",True,Optimization terminated successfully.,0.022479823333075424
5d36ff998129260015c6de19,experiment_2,4,LC_discrete_att_all,35.05280061258258,71.49189558628505,[1.20012481],"[['smoothing', 0]]",True,Optimization terminated successfully.,0.37166542500005256
5d6e3252dfe6d10001dbe508,experiment_2,4,LC_discrete_att_all,36.57983896550034,74.54597229212058,[1.02201348],"[['smoothing', 0]]",True,Optimization terminated successfully.,0.14116236833360746
5d94c6f5dc0b0e001465072e,experiment_2,4,LC_discrete_att_all,29.17503973571875,59.73637383255739,[1.86746821],"[['smoothing', 0]]",True,Optimization terminated successfully.,0.8277261250002387
5da60411423c170017b7dc0f,experiment_2,4,LC_discrete_att_all,32.685215871869445,66.75672610485879,[1.52509965],"[['smoothing', 0]]",True,Optimization terminated successfully.,1.0455752566665373
5dc56fbac34fc53e4e78b820,experiment_2,4,LC_discrete_att_all,38.61094717321237,78.60818870754463,[0.09852942],"[['smoothing', 0]]",True,Optimization terminated successfully.,0.9351589866666472
5e29e902c2253a0587298e26,experiment_2,4,LC_discrete_att_all,35.683549922553304,72.7533942062265,[1.05497655],"[['smoothing', 0]]",True,Optimization terminated successfully.,0.20670808666667048
5e5eb4843accc91e2443212f,experiment_2,4,LC_discrete_att_all,38.234282700028665,77.85485976117722,[0.42930576],"[['smoothing', 0]]",True,Optimization terminated successfully.,0.9663047066666574
5e87a0b5fc57a7415442f97e,experiment_2,4,LC_discrete_att_all,30.336504951134366,62.05930426338862,[1.71994956],"[['smoothing', 0]]",True,Optimization terminated successfully.,1.0017917799996212
5e9948b69223aa17c21564f4,experiment_2,4,LC_discrete_att_all,32.91321614551921,67.21272665215831,[1.53206887],"[['smoothing', 0]]",True,Optimization terminated successfully.,0.7988289249997857
5e99e838545b26058749d068,experiment_2,4,LC_discrete_att_all,34.545401191216655,70.4770967435532,[1.35381783],"[['smoothing', 0]]",True,Optimization terminated successfully.,0.3776595666665041
5ecba4b6ef75d53505406d57,experiment_2,4,LC_discrete_att_all,30.27041814085689,61.92713064283367,[1.72565323],"[['smoothing', 0]]",True,Optimization terminated successfully.,0.9997280366670263
5ecd7b06a1a9170e7806f51e,experiment_2,4,LC_discrete_att_all,25.321787941127944,52.029870243375775,[2.22770973],"[['smoothing', 0]]",True,Optimization terminated successfully.,0.7765262983331922
5ed8be74a4175a01156004b0,experiment_2,4,LC_discrete_att_all,38.594293611320566,78.57488158376103,[0.14389068],"[['smoothing', 0]]",True,Optimization terminated successfully.,1.0022419499999766
5edaa4924ea9bd6f14f3d618,experiment_2,4,LC_discrete_att_all,38.62650989841937,78.63931415795864,[9.01337165e-12],"[['smoothing', 0]]",True,Optimization terminated successfully.,1.5361993366663227
5edbaae1b9f9f68349ce80f3,experiment_2,4,LC_discrete_att_all,35.593011600809376,72.57231756273865,[1.13219604],"[['smoothing', 0]]",True,Optimization terminated successfully.,0.4252929933335205
5ef109c89196fa6d5cf6c005,experiment_2,4,LC_discrete_att_all,38.58712493457991,78.56054423027972,[0.14545751],"[['smoothing', 0]]",True,Optimization terminated successfully.,0.9578902799999923
5ef8a0b375e30603ebc12510,experiment_2,4,LC_discrete_att_all,35.222215950957235,71.83072626303436,[1.14710751],"[['smoothing', 0]]",True,Optimization terminated successfully.,0.385153463332972
5f1b69a1459c1e0009a83009,experiment_2,4,LC_discrete_att_all,36.645787285211746,74.67786893154339,[0.88700062],"[['smoothing', 0]]",True,Optimization terminated successfully.,0.20112223666656065
5f2dbc04160a0f0d88ee4440,experiment_2,4,LC_discrete_att_all,37.618686310798964,76.62366698271782,[0.75850083],"[['smoothing', 0]]",True,Optimization terminated successfully.,0.84624260833322
5f31671e69023f000b0c0547,experiment_2,4,LC_discrete_att_all,34.454870683705444,70.29603572853078,[1.24469433],"[['smoothing', 0]]",True,Optimization terminated successfully.,0.3779442600003676
5f3c2701fa55251a108b07e6,experiment_2,4,LC_discrete_att_all,37.118599498131,75.62349335738189,[0.79430742],"[['smoothing', 0]]",True,Optimization terminated successfully.,0.9907876083331454
5f64b5eed3b0d9015f58920c,experiment_2,4,LC_discrete_att_all,31.566105447293072,64.51850525570603,[1.65540888],"[['smoothing', 0]]",True,Optimization terminated successfully.,0.8302037999999204
5f6875b05e3bc74d0dee825e,experiment_2,4,LC_discrete_att_all,28.879370304300014,59.145034969719916,[1.92479041],"[['smoothing', 0]]",True,Optimization terminated successfully.,0.9921446216666179
5f6a7d0d9d705213a0db27e2,experiment_2,4,LC_discrete_att_all,32.18928332697238,65.76486101506465,[1.58289007],"[['smoothing', 0]]",True,Optimization terminated successfully.,0.8441879133334926
5f75cc1fb0741626d6634281,experiment_2,4,LC_discrete_att_all,36.65925265872207,74.70479967856403,[0.88269819],"[['smoothing', 0]]",True,Optimization terminated successfully.,0.9158953650000815
5f7728b294840b203855824d,experiment_2,4,LC_discrete_att_all,38.62650989843649,78.63931415799287,[9.01337165e-12],"[['smoothing', 0]]",True,Optimization terminated successfully.,1.4916567583335563
5f91ad02439b5e04b51d69a0,experiment_2,4,LC_discrete_att_all,29.750335276100948,60.88696491332178,[1.79051135],"[['smoothing', 0]]",True,Optimization terminated successfully.,0.9906749666663625
5f958e181381b5079be5d02f,experiment_2,4,LC_discrete_att_all,34.97334008918755,71.332974539495,[1.22820929],"[['smoothing', 0]]",True,Optimization terminated successfully.,0.3730575533331527
5f9a893d999ea71a0c6c4851,experiment_2,4,LC_discrete_att_all,36.159687818829894,73.70566999877968,[1.01139709],"[['smoothing', 0]]",True,Optimization terminated successfully.,0.20659798999986378
5fa01b6003aed3026366571c,experiment_2,4,LC_discrete_att_all,36.056096087844104,73.4984865368081,[1.01132237],"[['smoothing', 0]]",True,Optimization terminated successfully.,0.2036761716667873
5fa91c5d816c5c831297d606,experiment_2,4,LC_discrete_att_all,38.62650989842497,78.63931415796984,[9.01337165e-12],"[['smoothing', 0]]",True,Optimization terminated successfully.,1.5109858266664864
5fb6ed2116919c000a99249e,experiment_2,4,LC_discrete_att_all,29.288780637623404,59.963855636366695,[1.85167096],"[['smoothing', 0]]",True,Optimization terminated successfully.,0.8766816116665723
5fb91837b8c8756d924f7351,experiment_2,4,LC_discrete_att_all,35.57602470298405,72.538343767088,[1.08459557],"[['smoothing', 0]]",True,Optimization terminated successfully.,0.21666519499995046
5fbeef08fae48b16613fbe94,experiment_2,4,LC_discrete_att_all,28.45046031210312,58.28721498532613,[1.9011567],"[['smoothing', 0]]",True,Optimization terminated successfully.,0.7680282200002694
5fc64e35746dd626bb337f76,experiment_2,4,LC_discrete_att_all,35.081422187598264,71.54913873631642,[1.16553349],"[['smoothing', 0]]",True,Optimization terminated successfully.,0.37994828333321495
5fc7efbee5390f0b42e30f22,experiment_2,4,LC_discrete_att_all,32.548012194944775,66.48231875100944,[1.51283331],"[['smoothing', 0]]",True,Optimization terminated successfully.,0.664099883333256
5fc86c1b2df6ff1ff7a51ea5,experiment_2,4,LC_discrete_att_all,35.227387120786496,71.84106860269289,[1.17654946],"[['smoothing', 0]]",True,Optimization terminated successfully.,0.3839209133332285
5fcb705d9b31048d04ac0a8a,experiment_2,4,LC_discrete_att_all,30.11786777667433,61.62202991446855,[1.73288153],"[['smoothing', 0]]",True,Optimization terminated successfully.,0.9221369983332504
5fd761f02e24f003c7dbc814,experiment_2,4,LC_discrete_att_all,28.82194673498541,59.03018783109071,[1.96474852],"[['smoothing', 0]]",True,Optimization terminated successfully.,0.9745149816667739
5fecb4e73e41f76583b6023a,experiment_2,4,LC_discrete_att_all,36.57108901138962,74.52847238389913,[0.92492376],"[['smoothing', 0]]",True,Optimization terminated successfully.,0.1986986083337494
5fedf2023cc53c06d3406a14,experiment_2,4,LC_discrete_att_all,37.46532279613802,76.31693995339593,[0.69337126],"[['smoothing', 0]]",True,Optimization terminated successfully.,0.8749659816666584
5ffb3cdfa301645772b03b49,experiment_2,4,LC_discrete_att_all,34.72688804501622,70.84007045115233,[1.22449478],"[['smoothing', 0]]",True,Optimization terminated successfully.,0.3796583916666956
600090cc2864f714e71d0e45,experiment_2,4,LC_discrete_att_all,35.61456147231476,72.61541730574942,[1.13894278],"[['smoothing', 0]]",True,Optimization terminated successfully.,0.42076479666672334
60042af01e4c4b52c5ee0c01,experiment_2,4,LC_discrete_att_all,38.62650989844184,78.63931415800357,[9.01337165e-12],"[['smoothing', 0]]",True,Optimization terminated successfully.,1.487520408333512
600a9ab59e9b701db49fbec1,experiment_2,4,LC_discrete_att_all,32.40158726084075,66.18946888280139,[1.7469817],"[['smoothing', 0]]",True,Optimization terminated successfully.,0.712977275000109
600ec679c144277505d6428d,experiment_2,4,LC_discrete_att_all,34.7967308513759,70.97975606387169,[1.23320401],"[['smoothing', 0]]",True,Optimization terminated successfully.,0.3697787849998955
60142d5718e5943b09fd9298,experiment_2,4,LC_discrete_att_all,36.41788214155449,74.22205864422888,[0.94108358],"[['smoothing', 0]]",True,Optimization terminated successfully.,0.2006735266671361
601859370b15830bb219db7a,experiment_2,4,LC_discrete_att_all,35.5194313439184,72.42515704895669,[1.1810478],"[['smoothing', 0]]",True,Optimization terminated successfully.,0.36812637333350723
6023df50d5c2d7069115de3f,experiment_2,4,LC_discrete_att_all,31.561522837148964,64.50934003541782,[1.61239804],"[['smoothing', 0]]",True,Optimization terminated successfully.,0.8807388533333627
60358e8f4cf36d6725a603dd,experiment_2,4,LC_discrete_att_all,38.62650989842105,78.63931415796199,[9.01337165e-12],"[['smoothing', 0]]",True,Optimization terminated successfully.,0.8759709383336788
603691e060f42aaf3b034a94,experiment_2,4,LC_discrete_att_all,38.340251958432745,78.06679827798538,[0.39541529],"[['smoothing', 0]]",True,Optimization terminated successfully.,0.6694870500000737
603bf563c71a1c8ca72cbbac,experiment_2,4,LC_discrete_att_all,36.74668907302888,74.87967250717766,[0.8921839],"[['smoothing', 0]]",True,Optimization terminated successfully.,0.2149180550002105
603c11e7db9042987c7180be,experiment_2,4,LC_discrete_att_all,33.78317992386764,68.95265420885518,[1.37559291],"[['smoothing', 0]]",True,Optimization terminated successfully.,0.3803985916665018
6040a6019923db2cb26b04e0,experiment_2,4,LC_discrete_att_all,34.29690622737472,69.98010681586933,[1.2746449],"[['smoothing', 0]]",True,Optimization terminated successfully.,0.380929101666455
604258da4004870ebf00822d,experiment_2,4,LC_discrete_att_all,34.56010582250205,70.506506006124,[1.22163137],"[['smoothing', 0]]",True,Optimization terminated successfully.,0.374237753333
604b859f965723dde6768f6c,experiment_2,4,LC_discrete_att_all,28.708378521355854,58.803051403831596,[1.89663619],"[['smoothing', 0]]",True,Optimization terminated successfully.,0.9067407933335441
604e2e30b9ef1f91e2e6a67a,experiment_2,4,LC_discrete_att_all,36.032866615136555,73.452027591393,[1.11803207],"[['smoothing', 0]]",True,Optimization terminated successfully.,0.16094346499982445
6052554f2d140e57270e22f9,experiment_2,4,LC_discrete_att_all,32.97845700416066,67.34320836944121,[1.43483893],"[['smoothing', 0]]",True,Optimization terminated successfully.,0.8930763650001609
605260141614ee63870d2394,experiment_2,4,LC_discrete_att_all,38.614452604961485,78.61519957104287,[0.07928777],"[['smoothing', 0]]",True,Optimization terminated successfully.,1.0257026550001076
6055511b69c5e470713c8717,experiment_2,4,LC_discrete_att_all,25.477630999541198,52.34155636020228,[2.21065686],"[['smoothing', 0]]",True,Optimization terminated successfully.,0.6230971849998848
6055b240728724a27d38b40a,experiment_2,4,LC_discrete_att_all,35.84345932140249,73.07321300392488,[1.0590769],"[['smoothing', 0]]",True,Optimization terminated successfully.,0.20281212666692833
605b2e99ac3c7259bbbefc2f,experiment_2,4,LC_discrete_att_all,38.23520530026491,77.85670496164971,[0.4825243],"[['smoothing', 0]]",True,Optimization terminated successfully.,0.5301966716666356
606098b34aa547f1cb645083,experiment_2,4,LC_discrete_att_all,31.129755933710378,63.64580622854064,[1.71111515],"[['smoothing', 0]]",True,Optimization terminated successfully.,0.8620557783336457
6063738895dfdf467955017c,experiment_2,4,LC_discrete_att_all,36.671043037971884,74.72838043706366,[0.8764066],"[['smoothing', 0]]",True,Optimization terminated successfully.,0.8810532116665855
60649bf146ce5a76f4bef1ce,experiment_2,4,LC_discrete_att_all,30.592063072270896,62.57042050566168,[1.70384608],"[['smoothing', 0]]",True,Optimization terminated successfully.,0.999017683333659
6065ba36add2074fed28d812,experiment_2,4,LC_discrete_att_all,30.277978651655417,61.94225166443072,[1.88673045],"[['smoothing', 0]]",True,Optimization terminated successfully.,0.8521394383332033
606a3cb8f0138d1b0a789c2b,experiment_2,4,LC_discrete_att_all,36.11969735918582,73.62568907949154,[1.06328334],"[['smoothing', 0]]",True,Optimization terminated successfully.,0.20104784666667305
607728dc0b4f8590b94ae57c,experiment_2,4,LC_discrete_att_all,27.7122216960254,56.810737753170685,[1.97922584],"[['smoothing', 0]]",True,Optimization terminated successfully.,0.8348307000002629
6079b2d809f2f241470e821f,experiment_2,4,LC_discrete_att_all,35.69987264620088,72.78603965352166,[1.05182543],"[['smoothing', 0]]",True,Optimization terminated successfully.,0.20340947999987596
607dc10ae5bc5c8b32b18e9a,experiment_2,4,LC_discrete_att_all,22.118785864651485,45.62386609042286,[2.49780878],"[['smoothing', 0]]",True,Optimization terminated successfully.,0.9907747200001419
6081db2a9344bdf3d4413d45,experiment_2,4,LC_discrete_att_all,30.03789164365799,61.462077648435866,[1.74498323],"[['smoothing', 0]]",True,Optimization terminated successfully.,1.0557862633334782
6084499487b6d10d2aabda10,experiment_2,4,LC_discrete_att_all,26.047279876619964,53.480854114359815,[2.17297524],"[['smoothing', 0]]",True,Optimization terminated successfully.,0.592426470000161
60913f7000c9d4d18948da79,experiment_2,4,LC_discrete_att_all,35.02639285065554,71.43908006243097,[1.1827173],"[['smoothing', 0]]",True,Optimization terminated successfully.,0.3791944699997354
6092de3f71eab0b8ffb3a1fc,experiment_2,4,LC_discrete_att_all,38.445739444282985,78.27777324968586,[0.31870097],"[['smoothing', 0]]",True,Optimization terminated successfully.,0.6826830333331599
60990347620d51b977f34ce0,experiment_2,4,LC_discrete_att_all,35.62751249836605,72.641319357852,[1.07995526],"[['smoothing', 0]]",True,Optimization terminated successfully.,0.21339283500031644
609ab3c7fdf2516540d38003,experiment_2,4,LC_discrete_att_all,38.04619690115597,77.47868816343184,[0.50676563],"[['smoothing', 0]]",True,Optimization terminated successfully.,0.6375757433333396
60a2541c0e5a829853aad745,experiment_2,4,LC_discrete_att_all,30.871643703737572,63.12958176859503,[1.67693119],"[['smoothing', 0]]",True,Optimization terminated successfully.,0.8862499566666278
60a2e8c68b3c9c53a3aef722,experiment_2,4,LC_discrete_att_all,21.209722738714895,43.80573983854968,[2.59754441],"[['smoothing', 0]]",True,Optimization terminated successfully.,0.6228391349999584
60a5769dbae38f67750f42e4,experiment_2,4,LC_discrete_att_all,32.387384501274866,66.16106336366963,[1.51444058],"[['smoothing', 0]]",True,Optimization terminated successfully.,0.8213989833335896
60a7bfcca14b2acd0cb66b16,experiment_2,4,LC_discrete_att_all,37.753718227705576,76.89373081653105,[0.61537165],"[['smoothing', 0]]",True,Optimization terminated successfully.,0.9217319516668795
60aabff11bad269f664ccbc7,experiment_2,4,LC_discrete_att_all,31.755777458807472,64.89784927873484,[1.56387066],"[['smoothing', 0]]",True,Optimization terminated successfully.,0.9144824666669592
60aac06904242bda27c46987,experiment_2,4,LC_discrete_att_all,38.626509898425596,78.63931415797109,[9.01337165e-12],"[['smoothing', 0]]",True,Optimization terminated successfully.,1.5662230016668521
60ae4fc3b2a7bb662abb8852,experiment_2,4,LC_discrete_att_all,38.62650989843449,78.63931415798888,[9.01337165e-12],"[['smoothing', 0]]",True,Optimization terminated successfully.,1.506764264999947
60afa415649ba80204381dad,experiment_2,4,LC_discrete_att_all,34.730315094586665,70.84692455029322,[1.22679794],"[['smoothing', 0]]",True,Optimization terminated successfully.,0.3868320416668818
60b553fb5705a4355358afaf,experiment_2,4,LC_discrete_att_all,34.37976589542542,70.14582615197074,[1.27898395],"[['smoothing', 0]]",True,Optimization terminated successfully.,0.3770259266665865
60b5cbacd78980bbcd8ddd41,experiment_2,4,LC_discrete_att_all,38.25612415940109,77.89854267992207,[1.58644114],"[['smoothing', 0]]",True,Optimization terminated successfully.,0.6474862583330833
60b64f694c19cc0041d1a830,experiment_2,4,LC_discrete_att_all,38.00110227490965,77.38849891093919,[0.52230177],"[['smoothing', 0]]",True,Optimization terminated successfully.,0.9406004783333628
60b66d5d7b07f575f5070524,experiment_2,4,LC_discrete_att_all,33.60323200442176,68.59275836996342,[1.37938876],"[['smoothing', 0]]",True,Optimization terminated successfully.,0.411592571666794
60b6bccce70b9dcb57760f69,experiment_2,4,LC_discrete_att_all,30.286014906621226,61.95832417436234,[1.75000545],"[['smoothing', 0]]",True,Optimization terminated successfully.,0.8213350133330095
60b6c415dbda3236ea22455a,experiment_2,4,LC_discrete_att_all,34.47119029357927,70.32867494827843,[1.25085532],"[['smoothing', 0]]",True,Optimization terminated successfully.,0.381555141666225
60b7e7db11897639638f15cb,experiment_2,4,LC_discrete_att_all,33.90996673934007,69.20622783980004,[1.34718815],"[['smoothing', 0]]",True,Optimization terminated successfully.,0.41655223666651486
60b889967014a024377477fa,experiment_2,4,LC_discrete_att_all,19.333764311024705,40.0538229831693,[2.73231704],"[['smoothing', 0]]",True,Optimization terminated successfully.,0.6684540099997928
60b8bfa6fd93d6732a7d4ddf,experiment_2,4,LC_discrete_att_all,35.84151764514769,73.06932965141527,[1.04880355],"[['smoothing', 0]]",True,Optimization terminated successfully.,0.20176631833358746
60b8db5feb283b86cce8de9f,experiment_2,4,LC_discrete_att_all,38.62650989843265,78.6393141579852,[9.01337165e-12],"[['smoothing', 0]]",True,Optimization terminated successfully.,1.0800121249999697
60b90114ef13bcd3c200c193,experiment_2,4,LC_discrete_att_all,36.79234900785604,74.97099237683197,[0.88434378],"[['smoothing', 0]]",True,Optimization terminated successfully.,0.2175410383332443
60b91d545349ec32de395ddd,experiment_2,4,LC_discrete_att_all,38.62650989842964,78.63931415797917,[9.01337165e-12],"[['smoothing', 0]]",True,Optimization terminated successfully.,1.5128471050004009
60ba349d21c7acbaaabc36dd,experiment_2,4,LC_discrete_att_all,32.23903565994212,65.86436568100413,[1.54001685],"[['smoothing', 0]]",True,Optimization terminated successfully.,0.8136493499997111
60ba6740a76fadb32842870e,experiment_2,4,LC_discrete_att_all,38.62650989842064,78.63931415796118,[9.01337165e-12],"[['smoothing', 0]]",True,Optimization terminated successfully.,1.5589785816666941
60ba81c2a91092e4071c276c,experiment_2,4,LC_discrete_att_all,33.82541662948927,69.03712762009843,[1.39163775],"[['smoothing', 0]]",True,Optimization terminated successfully.,0.40370952666659526
60bb608a2da16013513f577e,experiment_2,4,LC_discrete_att_all,31.67857078567315,64.74343593246618,[1.5817151],"[['smoothing', 0]]",True,Optimization terminated successfully.,0.7973266699996505
60bd04a3749e1ca47e54d3e1,experiment_2,4,LC_discrete_att_all,33.46702979425289,68.32035394962567,[1.41566633],"[['smoothing', 0]]",True,Optimization terminated successfully.,0.8894612283329479
60bda3d97d8f5c8f09917d2f,experiment_2,4,LC_discrete_att_all,38.62124984200433,78.62879404512856,[0.05318645],"[['smoothing', 0]]",True,Optimization terminated successfully.,0.9504679000000276
60bddb39c8287f341bad6ad6,experiment_2,4,LC_discrete_att_all,38.626509898418405,78.6393141579567,[38.8989121],"[['smoothing', 0]]",True,Optimization terminated successfully.,0.0230518550000852
60bdf618de5fce4b2423e8d7,experiment_2,4,LC_discrete_att_all,32.179777341259125,65.74584904363815,[1.56629565],"[['smoothing', 0]]",True,Optimization terminated successfully.,1.023278693333365
60be136a592f08dc5f9e4b28,experiment_2,4,LC_discrete_att_all,31.663205409036525,64.71270517919294,[1.6097602],"[['smoothing', 0]]",True,Optimization terminated successfully.,0.8328016416669318
566feba6b937e400052d33b2,experiment_3,3,LC_discrete_att_all,28.969882423813804,59.038377136295715,[38.8989121],"[['smoothing', 0]]",True,Optimization terminated successfully.,0.01799172000028193
56cb8858edf8da000b6df354,experiment_3,4,LC_discrete_att_all,22.3199228941702,46.02614014946029,[2.55354303],"[['smoothing', 0]]",True,Optimization terminated successfully.,0.6203551099999458
571de12713b1b70012be47f6,experiment_3,4,LC_discrete_att_all,22.05330389573831,45.49290215259651,[2.51102134],"[['smoothing', 0]]",True,Optimization terminated successfully.,0.8673498416668736
572f526c3c27e7000e0b8aaa,experiment_3,4,LC_discrete_att_all,34.98006918498608,71.34643273109205,[1.19109027],"[['smoothing', 0]]",True,Optimization terminated successfully.,0.3737797099999928
5831960ab232860001b110dc,experiment_3,4,LC_discrete_att_all,38.15323796807955,77.692770297279,[1.49738979],"[['smoothing', 0]]",True,Optimization terminated successfully.,0.12309482666654124
594abd98215cbd000146debc,experiment_3,4,LC_discrete_att_all,38.626509898418405,78.6393141579567,[38.8989121],"[['smoothing', 0]]",True,Optimization terminated successfully.,0.022833209999953398
5acc65f668b65b00018db322,experiment_3,4,LC_discrete_att_all,32.53582688969276,66.45794814050541,[1.67289989],"[['smoothing', 0]]",True,Optimization terminated successfully.,0.6515466133331453
5b339152afe1d00001c6c509,experiment_3,4,LC_discrete_att_all,24.04026666019263,49.466827681505144,[2.36638381],"[['smoothing', 0]]",True,Optimization terminated successfully.,0.9946112449998812
5b84a7ea4f38790001778d53,experiment_3,4,LC_discrete_att_all,23.93835323231556,49.26300082575101,[2.32236544],"[['smoothing', 0]]",True,Optimization terminated successfully.,0.8933540950000558
5c018eb6067bbf00019ba43d,experiment_3,4,LC_discrete_att_all,21.80007344166167,44.98644124444323,[2.48801371],"[['smoothing', 0]]",True,Optimization terminated successfully.,0.7766398466667549
5c06fc4918ac7e00016bf76d,experiment_3,4,LC_discrete_att_all,16.402814442671485,34.191923246462856,[3.00178422],"[['smoothing', 0]]",True,Optimization terminated successfully.,0.8860318700002002
5c17c149f596b100011ca8b8,experiment_3,4,LC_discrete_att_all,30.475847641668167,62.33798964445622,[1.71776205],"[['smoothing', 0]]",True,Optimization terminated successfully.,1.0415114133332584
5c6400cbcb937d00012d8866,experiment_3,4,LC_discrete_att_all,38.62650989844727,78.63931415801443,[9.01337165e-12],"[['smoothing', 0]]",True,Optimization terminated successfully.,1.51578564333322
5c7dd22debc24800018e7ca0,experiment_3,4,LC_discrete_att_all,37.98161335020373,77.34952106152735,[0.55137624],"[['smoothing', 0]]",True,Optimization terminated successfully.,0.6432596149999881
5c8bafb53b6f3d00013d7c30,experiment_3,4,LC_discrete_att_all,37.908863833281266,77.20402202768243,[0.70425549],"[['smoothing', 0]]",True,Optimization terminated successfully.,0.8381616516664507
5cf9179b8c98dc0001d5a431,experiment_3,4,LC_discrete_att_all,31.717165784286756,64.8206259296934,[1.58139789],"[['smoothing', 0]]",True,Optimization terminated successfully.,0.817320203333414
5cfddbd3ee0b1500019fa84c,experiment_3,4,LC_discrete_att_all,28.460453865278637,58.30720209167716,[1.96438431],"[['smoothing', 0]]",True,Optimization terminated successfully.,0.8767396266669191
5d1a69d8f97a18001977e0d7,experiment_3,4,LC_discrete_att_all,36.91924680671514,75.22478797455017,[0.89835255],"[['smoothing', 0]]",True,Optimization terminated successfully.,0.21279384666704573
5d1c9f75328d1c001af3af0f,experiment_3,4,LC_discrete_att_all,21.67000716810267,44.72630869732523,[2.50791515],"[['smoothing', 0]]",True,Optimization terminated successfully.,0.8679074383331075
5d470786da637a00014ba26f,experiment_3,4,LC_discrete_att_all,34.48499557997287,70.35628552106563,[1.24647128],"[['smoothing', 0]]",True,Optimization terminated successfully.,0.3802648933332724
5d67b6d92b7448000173d95a,experiment_3,4,LC_discrete_att_all,24.869690221770533,51.12567480466095,[2.29920183],"[['smoothing', 0]]",True,Optimization terminated successfully.,1.1214182150002066
5d70ec2138ac7e00012f817b,experiment_3,4,LC_discrete_att_all,29.28519540505804,59.95668517123597,[1.96174677],"[['smoothing', 0]]",True,Optimization terminated successfully.,0.6662289349997688
5dafea4de40355001651fa2f,experiment_3,4,LC_discrete_att_all,38.271944675219615,77.93018371155912,[0.5282718],"[['smoothing', 0]]",True,Optimization terminated successfully.,0.6666897549997278
5dde680c40460edc4a5dc1a2,experiment_3,4,LC_discrete_att_all,23.850097188263856,49.0864887376476,[2.3565396],"[['smoothing', 0]]",True,Optimization terminated successfully.,0.9578599249997448
5de2b59d8fde1c2eb47f92d8,experiment_3,4,LC_discrete_att_all,31.523678588081985,64.43365153728386,[1.59462646],"[['smoothing', 0]]",True,Optimization terminated successfully.,0.8421468466665829
5e1b65eeb287dc38d94b694e,experiment_3,4,LC_discrete_att_all,34.515056365852466,70.41640709282483,[1.26208139],"[['smoothing', 0]]",True,Optimization terminated successfully.,0.3861606066663323
5e31e6491faa251bf58151ce,experiment_3,4,LC_discrete_att_all,21.65878607265546,44.703866506430806,[2.54460344],"[['smoothing', 0]]",True,Optimization terminated successfully.,0.6420585416669685
5e3b5fa9255e7a37bc841135,experiment_3,4,LC_discrete_att_all,26.30714747822598,54.000589317571844,[2.08683714],"[['smoothing', 0]]",True,Optimization terminated successfully.,0.8695531700000477
5e7d3b58d638273c7f823c7b,experiment_3,4,LC_discrete_att_all,24.268829442412706,49.9239532459453,[2.29802548],"[['smoothing', 0]]",True,Optimization terminated successfully.,0.9758791849996972
5e822d17f956a29530ccc2f8,experiment_3,4,LC_discrete_att_all,31.42486685354595,64.2360280682118,[1.60989715],"[['smoothing', 0]]",True,Optimization terminated successfully.,0.9024975699998322
5e9fdd5effe6a51855448d1b,experiment_3,4,LC_discrete_att_all,33.66069140671976,68.70767717455941,[1.35667451],"[['smoothing', 0]]",True,Optimization terminated successfully.,0.39712009166687495
5ec3b9e83f187802a6aa041e,experiment_3,4,LC_discrete_att_all,28.46929432047772,58.324883002075325,[1.90376438],"[['smoothing', 0]]",True,Optimization terminated successfully.,0.7818713466665941
5eea0a01da0cfc0a744df4d9,experiment_3,4,LC_discrete_att_all,36.162397753622486,73.71108986836487,[1.04479541],"[['smoothing', 0]]",True,Optimization terminated successfully.,0.15586969333332187
5ef601b056fe3607b3410b33,experiment_3,4,LC_discrete_att_all,30.167286359207107,61.7208670795341,[1.72408475],"[['smoothing', 0]]",True,Optimization terminated successfully.,1.0392530916666147
5eff4206a352be49f1aef4cc,experiment_3,4,LC_discrete_att_all,24.224088072806126,49.83447050673214,[2.27708378],"[['smoothing', 0]]",True,Optimization terminated successfully.,0.9181494750000032
5f0559d1bc410b85707c58a3,experiment_3,4,LC_discrete_att_all,11.955630062121994,25.29755448536388,[3.63272436],"[['smoothing', 0]]",True,Optimization terminated successfully.,0.6501363416663177
5f108dea719866356702d26f,experiment_3,3,LC_discrete_att_all,24.936898607515808,50.97240950369972,[1.43066413],"[['smoothing', 0]]",True,Optimization terminated successfully.,0.5134797649996472
5f120176fbc66510873bcbf8,experiment_3,4,LC_discrete_att_all,26.573694572709126,54.53368350653814,[2.13355756],"[['smoothing', 0]]",True,Optimization terminated successfully.,0.8555590599998444
5f1b2fe23bcef80c38d2a362,experiment_3,4,LC_discrete_att_all,34.822388218312796,71.03107079774549,[1.24225603],"[['smoothing', 0]]",True,Optimization terminated successfully.,0.37815605666692137
5f2448855226b0000a8129e1,experiment_3,4,LC_discrete_att_all,16.392337243707534,34.170968848534955,[3.00057796],"[['smoothing', 0]]",True,Optimization terminated successfully.,0.8166065149998758
5f2c226f8cea75078acb6377,experiment_3,4,LC_discrete_att_all,37.57766696980426,76.54162830072842,[0.70793844],"[['smoothing', 0]]",True,Optimization terminated successfully.,0.8234309816665094
5f343de4d0c07630b7f90b92,experiment_3,4,LC_discrete_att_all,21.786884172568783,44.96006270625745,[2.49281636],"[['smoothing', 0]]",True,Optimization terminated successfully.,1.107904396666951
5f3aee04e30eac7cb73b416e,experiment_3,4,LC_discrete_att_all,38.247938397869156,77.8821711568582,[0.65256277],"[['smoothing', 0]]",True,Optimization terminated successfully.,0.8331814933335409
5f3e8506cb479c0a96cf4aac,experiment_3,4,LC_discrete_att_all,36.525904859970055,74.43810408106,[0.9342048],"[['smoothing', 0]]",True,Optimization terminated successfully.,0.20487894000010176
5f466020c3a053038da47399,experiment_3,4,LC_discrete_att_all,30.928064294123445,63.24242294936678,[1.6751372],"[['smoothing', 0]]",True,Optimization terminated successfully.,0.6691608049998953
5f4e97aae4fe380a7bad99c7,experiment_3,4,LC_discrete_att_all,26.330331776144735,54.04695791340936,[2.08857123],"[['smoothing', 0]]",True,Optimization terminated successfully.,0.8419017866666157
5f600669b846780f0fe45709,experiment_3,4,LC_discrete_att_all,33.08957850381051,67.56545136874091,[1.43020403],"[['smoothing', 0]]",True,Optimization terminated successfully.,0.9503379833331564
5f6b8c1f5622370b0c94d597,experiment_3,4,LC_discrete_att_all,35.092408043143365,71.57111044740662,[1.18120272],"[['smoothing', 0]]",True,Optimization terminated successfully.,0.3840635433337108
5f75ce20817166287293b825,experiment_3,4,LC_discrete_att_all,38.28149796373987,77.94929028859963,[0.45673997],"[['smoothing', 0]]",True,Optimization terminated successfully.,0.6491863883333281
5f761e5106b786071f45b4aa,experiment_3,4,LC_discrete_att_all,38.626509898424956,78.6393141579698,[9.01337165e-12],"[['smoothing', 0]]",True,Optimization terminated successfully.,1.1403236300000572
5f8836a5fb70462a169fc0ac,experiment_3,4,LC_discrete_att_all,38.263018337502544,77.91233103612498,[0.43172987],"[['smoothing', 0]]",True,Optimization terminated successfully.,0.8670470733336212
5f97e6601f6d0e016087fc91,experiment_3,4,LC_discrete_att_all,36.88588922287218,75.15807280686425,[0.86519887],"[['smoothing', 0]]",True,Optimization terminated successfully.,0.8493293483334128
5f9aba6600cdf11f1c9b915c,experiment_3,4,LC_discrete_att_all,36.996934921956836,75.38016420503357,[1.29942812],"[['smoothing', 0]]",True,Optimization terminated successfully.,0.08939934999992451
5fa107215a15fe19519b484d,experiment_3,4,LC_discrete_att_all,33.81859187063329,69.02347810238648,[1.35444466],"[['smoothing', 0]]",True,Optimization terminated successfully.,0.4063818733333998
5fad2378719b9d3a961834c9,experiment_3,4,LC_discrete_att_all,26.712841110625178,54.81197658237024,[2.07609663],"[['smoothing', 0]]",True,Optimization terminated successfully.,0.7397204766666012
5fb26f723d8b23832ff835c6,experiment_3,4,LC_discrete_att_all,38.62650989841964,78.63931415795918,[9.01337165e-12],"[['smoothing', 0]]",True,Optimization terminated successfully.,1.5268892866666042
5fbbf3f438be4c025df6cdd4,experiment_3,4,LC_discrete_att_all,16.403121512414373,34.19253738594863,[3.00347409],"[['smoothing', 0]]",True,Optimization terminated successfully.,0.6972312749998916
5fbd9bcc54453f1b0b28d89a,experiment_3,4,LC_discrete_att_all,38.626509898421574,78.63931415796304,[9.01337165e-12],"[['smoothing', 0]]",True,Optimization terminated successfully.,1.2132072300000194
5fbfa7490dcefd0251d79dff,experiment_3,4,LC_discrete_att_all,22.301070933273337,45.98843622766656,[2.52481739],"[['smoothing', 0]]",True,Optimization terminated successfully.,0.638012948333441
5fbfe145e52a44000a9c2966,experiment_3,4,LC_discrete_att_all,38.62650989842328,78.63931415796645,[9.01337165e-12],"[['smoothing', 0]]",True,Optimization terminated successfully.,0.7875180766670382
5fd0c81fc79aef1882cbee94,experiment_3,4,LC_discrete_att_all,21.80048772100421,44.98726980312831,[2.49921647],"[['smoothing', 0]]",True,Optimization terminated successfully.,0.9435964616665539
5fd8d7e42ce9082dd7998e6d,experiment_3,4,LC_discrete_att_all,38.58637764583844,78.55904965279677,[0.15356415],"[['smoothing', 0]]",True,Optimization terminated successfully.,1.0075977616666933
5ff4a242cbe069bc27d9278b,experiment_3,4,LC_discrete_att_all,28.642849387766574,58.671993136653036,[1.89957524],"[['smoothing', 0]]",True,Optimization terminated successfully.,0.838462676666677
6004c0c7e2b1453733edd35e,experiment_3,4,LC_discrete_att_all,38.62650989842739,78.63931415797468,[9.01337165e-12],"[['smoothing', 0]]",True,Optimization terminated successfully.,1.3571457266666889
6011a4b308baec1050c17853,experiment_3,4,LC_discrete_att_all,34.8718455528516,71.1299854668231,[1.20680537],"[['smoothing', 0]]",True,Optimization terminated successfully.,0.436834876666641
60199372bd48490e12a0d92e,experiment_3,4,LC_discrete_att_all,29.857408879860646,61.10111212084118,[1.78399446],"[['smoothing', 0]]",True,Optimization terminated successfully.,0.9911397466668859
6021d74808e9e926a4ff44c6,experiment_3,4,LC_discrete_att_all,31.50442337875797,64.39514111863583,[1.65496113],"[['smoothing', 0]]",True,Optimization terminated successfully.,1.0194131150002552
60259da406ab01158d9b9f83,experiment_3,4,LC_discrete_att_all,33.266641139466444,67.91957664005278,[1.43136888],"[['smoothing', 0]]",True,Optimization terminated successfully.,0.8749839699996907
602cf366166df76360257563,experiment_3,4,LC_discrete_att_all,29.55450218736881,60.49529873585751,[1.85117952],"[['smoothing', 0]]",True,Optimization terminated successfully.,1.0270037983330742
602d29200724e36ae7a9def2,experiment_3,4,LC_discrete_att_all,26.045582138639936,53.47745863839976,[2.16274866],"[['smoothing', 0]]",True,Optimization terminated successfully.,0.7940595749998465
603440fb5478fc266d855faf,experiment_3,4,LC_discrete_att_all,22.621758815901032,46.62981199292195,[2.49093198],"[['smoothing', 0]]",True,Optimization terminated successfully.,0.9899596633331385
603a95f65fc5996c59b3ab1d,experiment_3,4,LC_discrete_att_all,36.889667371305904,75.1656291037317,[1.0246082],"[['smoothing', 0]]",True,Optimization terminated successfully.,0.2148979566671187
604b169fe4b7991ec08da3a6,experiment_3,4,LC_discrete_att_all,31.885774775051072,65.15784391122203,[1.60812581],"[['smoothing', 0]]",True,Optimization terminated successfully.,0.9044356600003084
604fa685e33606f9a0ee8189,experiment_3,4,LC_discrete_att_all,35.962950583876214,73.31219552887232,[1.02434665],"[['smoothing', 0]]",True,Optimization terminated successfully.,0.20652287000023836
605641bb59792eaba4b3abe5,experiment_3,4,LC_discrete_att_all,27.115294818198564,55.616883997517014,[2.11827268],"[['smoothing', 0]]",True,Optimization terminated successfully.,1.0408425450000018
60589194fbc0330c06ddc15c,experiment_3,4,LC_discrete_att_all,30.819672190086347,63.02563874129258,[1.87585806],"[['smoothing', 0]]",True,Optimization terminated successfully.,0.9428138366667553
606340ca7faac7025f31dd57,experiment_3,4,LC_discrete_att_all,31.839875335768905,65.0660450326577,[1.55719409],"[['smoothing', 0]]",True,Optimization terminated successfully.,0.8154569283336363
606451b5aab2ec4afaae10f4,experiment_3,4,LC_discrete_att_all,35.409020539322604,72.2043354397651,[1.20678841],"[['smoothing', 0]]",True,Optimization terminated successfully.,0.3632996850001897
606c6e255a5575b822e0e925,experiment_3,4,LC_discrete_att_all,38.61266413445639,78.61162263003267,[0.23256761],"[['smoothing', 0]]",True,Optimization terminated successfully.,0.5059419400000479
6086bce92a8e1c219a9120c5,experiment_3,4,LC_discrete_att_all,33.633204712274775,68.65270378566944,[1.37618245],"[['smoothing', 0]]",True,Optimization terminated successfully.,0.40967665666685205
6089cd0a1c1541c29bb34c73,experiment_3,4,LC_discrete_att_all,26.58732086589891,54.56093609291771,[2.1019956],"[['smoothing', 0]]",True,Optimization terminated successfully.,0.842870886666545
608c9c26b741d7214882fee6,experiment_3,4,LC_discrete_att_all,24.65664254790518,50.699579456930245,[2.31246219],"[['smoothing', 0]]",True,Optimization terminated successfully.,0.9599554166663438
60979b540a2cf2468fde514b,experiment_3,4,LC_discrete_att_all,30.16034523230225,61.70698482572439,[1.72753728],"[['smoothing', 0]]",True,Optimization terminated successfully.,0.8515192166669294
6099132b6d152b812fdc911c,experiment_3,4,LC_discrete_att_all,28.32083493710362,58.027964235327126,[1.95997325],"[['smoothing', 0]]",True,Optimization terminated successfully.,0.9361723266668075
60a37b4e514b606e0a822a0c,experiment_3,4,LC_discrete_att_all,37.45910280188496,76.30449996488981,[0.7164308],"[['smoothing', 0]]",True,Optimization terminated successfully.,1.063184411666589
60a6ba026f8bd75b67b23c97,experiment_3,4,LC_discrete_att_all,19.487593768716238,40.36148189855236,[2.73746206],"[['smoothing', 0]]",True,Optimization terminated successfully.,0.6724775833334813
60a7d7b70d3cf8f48a8a490d,experiment_3,4,LC_discrete_att_all,24.111660912816006,49.6096161867519,[2.28338888],"[['smoothing', 0]]",True,Optimization terminated successfully.,0.9272872066663694
60aa4b9356c591511cc09f5f,experiment_3,4,LC_discrete_att_all,38.03883246893223,77.46395929898435,[0.51911108],"[['smoothing', 0]]",True,Optimization terminated successfully.,0.6582467250002082
60b56ada17663c9fdcb74bdd,experiment_3,4,LC_discrete_att_all,30.762060226892828,62.91041481490554,[1.68805455],"[['smoothing', 0]]",True,Optimization terminated successfully.,0.9031375183335816
60c048ca962103e0da201a34,experiment_3,4,LC_discrete_att_all,35.05191749306047,71.49012934724084,[1.18942742],"[['smoothing', 0]]",True,Optimization terminated successfully.,0.3807513666664211
60c0ed7d2fbe3e53bca9866a,experiment_3,4,LC_discrete_att_all,30.139029197956656,61.6643527570332,[1.75688407],"[['smoothing', 0]]",True,Optimization terminated successfully.,0.8940428799998092
60ccdd2c461e041ac1dc2b41,experiment_3,4,LC_discrete_att_all,26.400162986441885,54.186620334003656,[2.09130387],"[['smoothing', 0]]",True,Optimization terminated successfully.,0.8508822300000853
60d2f9397932f9695f49f5f4,experiment_3,4,LC_discrete_att_all,38.01045106705504,77.40719649522997,[0.67359581],"[['smoothing', 0]]",True,Optimization terminated successfully.,0.6039046750001338
60d3acd071e98de7a42743ac,experiment_3,4,LC_discrete_att_all,31.813440275236072,65.01317491159203,[1.62032673],"[['smoothing', 0]]",True,Optimization terminated successfully.,0.8201472766668303
60d6e2dd110d9cbe0c20bbc7,experiment_3,4,LC_discrete_att_all,33.21087746972748,67.80804930057485,[1.49852074],"[['smoothing', 0]]",True,Optimization terminated successfully.,0.9497127233330199
60db521470b51a50415d3439,experiment_3,4,LC_discrete_att_all,32.096765452755534,65.57982526663096,[1.59041276],"[['smoothing', 0]]",True,Optimization terminated successfully.,0.7473455733333443
60ddfb3db6a71ad9ba75e387,experiment_3,4,LC_discrete_att_all,35.00671988130078,71.39973412372146,[1.24692079],"[['smoothing', 0]]",True,Optimization terminated successfully.,0.3797359383330331
60e70d678909d1d5e5bd8943,experiment_3,4,LC_discrete_att_all,34.35181995434984,70.08993426981958,[1.25996457],"[['smoothing', 0]]",True,Optimization terminated successfully.,0.38028051333337015
60eddc1f62cdf337ab19f604,experiment_3,4,LC_discrete_att_all,38.62650989842706,78.63931415797401,[9.01337165e-12],"[['smoothing', 0]]",True,Optimization terminated successfully.,0.6211294716670334
6106ac34408681f3b0d07396,experiment_3,4,LC_discrete_att_all,36.572344961791224,74.53098428470234,[0.95848068],"[['smoothing', 0]]",True,Optimization terminated successfully.,0.21321213166665984
610abbbb784eea92360657e0,experiment_3,4,LC_discrete_att_all,32.31641610940221,66.01912657992432,[1.53086064],"[['smoothing', 0]]",True,Optimization terminated successfully.,0.8096641533333847
611231e33c2e4198943389a9,experiment_3,4,LC_discrete_att_all,32.501718068837526,66.38973049879495,[1.86099711],"[['smoothing', 0]]",True,Optimization terminated successfully.,0.5966137999998561
61169988cf61a1a4c41fdf9c,experiment_3,4,LC_discrete_att_all,31.20250035730689,63.791295075733665,[1.65502099],"[['smoothing', 0]]",True,Optimization terminated successfully.,1.0162056983337
611ab1da8239817bc8d5f1e1,experiment_3,4,LC_discrete_att_all,26.425937518707215,54.23816939853432,[2.08123298],"[['smoothing', 0]]",True,Optimization terminated successfully.,0.6381948583332512
611e58f3b7cfe10fe9eef3df,experiment_3,4,LC_discrete_att_all,38.6265098984267,78.63931415797329,[9.01337165e-12],"[['smoothing', 0]]",True,Optimization terminated successfully.,1.266858161666702
61254c5a6facc8ed023a64de,experiment_3,4,LC_discrete_att_all,23.725952636858416,48.83819963483672,[2.34637918],"[['smoothing', 0]]",True,Optimization terminated successfully.,0.9364194783333611
61267b828ead584bcf092e35,experiment_3,4,LC_discrete_att_all,30.186474391271354,61.759243143662594,[1.72888403],"[['smoothing', 0]]",True,Optimization terminated successfully.,1.0200482683329029
61322612510b85268a0c4b63,experiment_3,4,LC_discrete_att_all,38.049527570915956,77.4853495029518,[0.50485573],"[['smoothing', 0]]",True,Optimization terminated successfully.,0.6640702949996922
613a469755c08ab3b9d682ad,experiment_3,4,LC_discrete_att_all,28.916631840579623,59.21955804227913,[1.99164387],"[['smoothing', 0]]",True,Optimization terminated successfully.,0.9773339333332842
613aa0162f4662712a517461,experiment_3,4,LC_discrete_att_all,38.51899294411014,78.42428024934017,[0.2375816],"[['smoothing', 0]]",True,Optimization terminated successfully.,0.833340399999967
613af39692992acbacdbbbbc,experiment_3,4,LC_discrete_att_all,38.626509898418405,78.6393141579567,[38.8989121],"[['smoothing', 0]]",True,Optimization terminated successfully.,0.023289483333549774
613e18e92e4ed15176362aa2,experiment_3,4,LC_discrete_att_all,34.34227405835444,70.07084247782878,[1.25922197],"[['smoothing', 0]]",True,Optimization terminated successfully.,0.3661790716670415
613f0f91c83af0d188a54669,experiment_3,4,LC_discrete_att_all,24.602974492589638,50.59224334629916,[2.28086004],"[['smoothing', 0]]",True,Optimization terminated successfully.,0.9242853816666563
614edf1b57efb3bbc5edd55c,experiment_3,4,LC_discrete_att_all,38.626509898418405,78.6393141579567,[38.8989121],"[['smoothing', 0]]",True,Optimization terminated successfully.,0.023462418333413854
6151d444ac15808872e32dc8,experiment_3,4,LC_discrete_att_all,36.09154201530091,73.56937839172171,[1.06489117],"[['smoothing', 0]]",True,Optimization terminated successfully.,0.18451220499991905
615230e2db85b00b50240ab8,experiment_3,4,LC_discrete_att_all,25.363651039506493,52.11359644013287,[2.20281055],"[['smoothing', 0]]",True,Optimization terminated successfully.,0.9699133633330348
615373f88839471e0ab77399,experiment_3,4,LC_discrete_att_all,32.19470822286901,65.77571080685792,[1.55197665],"[['smoothing', 0]]",True,Optimization terminated successfully.,0.7667626183334505
615ec387ec57223c894f6fc2,experiment_3,4,LC_discrete_att_all,30.942740562782983,63.271775486685854,[1.70146586],"[['smoothing', 0]]",True,Optimization terminated successfully.,0.9677598949997143
616c3f3a378cb38f3f7ecac3,experiment_3,4,LC_discrete_att_all,28.394701660564102,58.17569768224809,[1.93001062],"[['smoothing', 0]]",True,Optimization terminated successfully.,0.9410574133333285
61717173748006894b2b54ff,experiment_3,4,LC_discrete_att_all,32.142290309867086,65.67087498085407,[1.55158902],"[['smoothing', 0]]",True,Optimization terminated successfully.,1.0447332283331585
6176966806de000024ed0ddf,experiment_3,4,LC_discrete_att_all,38.62650989841957,78.63931415795903,[9.01337165e-12],"[['smoothing', 0]]",True,Optimization terminated successfully.,1.445449241666453
576d8e821a48240001867c54,experiment_4,5,LC_discrete_att_all,48.057224490137656,97.72388689270942,[0.32539368],"[['smoothing', 0]]",True,Optimization terminated successfully.,1.1119503883334498
57dd3b0e91b7fc0001493db9,experiment_4,5,LC_discrete_att_all,48.28313737302301,98.17571265848012,[38.8989121],"[['smoothing', 0]]",True,Optimization terminated successfully.,0.029062118333240506
57fe48c390de420001673796,experiment_4,5,LC_discrete_att_all,31.955054280963232,65.51954647436057,[2.29213927],"[['smoothing', 0]]",True,Optimization terminated successfully.,0.8203784450000967
5ab15ab4c42b630001cd36fb,experiment_4,5,LC_discrete_att_all,46.0649459642615,93.7393298409571,[0.96537431],"[['smoothing', 0]]",True,Optimization terminated successfully.,0.2687657700002698
5abc0d68436f550001ff83ff,experiment_4,5,LC_discrete_att_all,48.28313737302301,98.17571265848012,[38.8989121],"[['smoothing', 0]]",True,Optimization terminated successfully.,0.02886287833292348
5b06c34ed424fd0001eebda1,experiment_4,5,LC_discrete_att_all,25.961409122557598,53.5322561575493,[2.6011737],"[['smoothing', 0]]",True,Optimization terminated successfully.,0.7774247533331314
5b1e7a55c813a60001480313,experiment_4,5,LC_discrete_att_all,37.049214468721104,75.70786684987631,[1.82247049],"[['smoothing', 0]]",True,Optimization terminated successfully.,1.2267266116667694
5b58d79b71a4100001555c56,experiment_4,5,LC_discrete_att_all,28.610449226855916,58.830336366145936,[2.42789104],"[['smoothing', 0]]",True,Optimization terminated successfully.,1.3967963199999456
5b7af290db11320001c3ff1d,experiment_4,5,LC_discrete_att_all,34.08370985418429,69.77685762080269,[2.02210355],"[['smoothing', 0]]",True,Optimization terminated successfully.,1.1963357916669337
5b8c8e7d0c740e00019d55c3,experiment_4,5,LC_discrete_att_all,32.96855613408677,67.54655018060764,[2.08026137],"[['smoothing', 0]]",True,Optimization terminated successfully.,0.8015619266666666
5ba57e0438803d0001264be3,experiment_4,5,LC_discrete_att_all,41.35453762888026,84.31851317019462,[1.48107071],"[['smoothing', 0]]",True,Optimization terminated successfully.,1.084107044999837
5bb511c6689fc5000149c703,experiment_4,5,LC_discrete_att_all,40.81509363812521,83.23962518868453,[1.48360492],"[['smoothing', 0]]",True,Optimization terminated successfully.,1.0114884199996594
5bb64eb80b5da70001c7cfca,experiment_4,5,LC_discrete_att_all,46.031551646046424,93.67254120452695,[0.887223],"[['smoothing', 0]]",True,Optimization terminated successfully.,0.26887932166670603
5bc1c9dd9fffb200019bebe1,experiment_4,5,LC_discrete_att_all,30.604157508363496,62.817752929161095,[2.28113404],"[['smoothing', 0]]",True,Optimization terminated successfully.,1.1243503833330275
5bc1f0157870b900012dcb8a,experiment_4,5,LC_discrete_att_all,38.750737782819385,79.11091347807287,[1.7001648],"[['smoothing', 0]]",True,Optimization terminated successfully.,1.22694987833335
5bf1ecfcaf38d100016c1171,experiment_4,5,LC_discrete_att_all,29.564329740748825,60.73809739393175,[2.37577579],"[['smoothing', 0]]",True,Optimization terminated successfully.,1.2648586116668108
5c0e104111d18f0001995175,experiment_4,5,LC_discrete_att_all,42.81856479779757,87.24656750802924,[1.27962008],"[['smoothing', 0]]",True,Optimization terminated successfully.,0.4633357683332482
5c3885dcf5ebd5000184defb,experiment_4,5,LC_discrete_att_all,33.14378158337353,67.89700107918117,[2.08225763],"[['smoothing', 0]]",True,Optimization terminated successfully.,0.7931827883333123
5c7e388fffd1190017be7f83,experiment_4,5,LC_discrete_att_all,43.25992867114378,88.12929525472167,[1.22722934],"[['smoothing', 0]]",True,Optimization terminated successfully.,0.4717273599996891
5c88d569d47e6a0001a6192a,experiment_4,5,LC_discrete_att_all,41.26688235002812,84.14320261249034,[1.45211334],"[['smoothing', 0]]",True,Optimization terminated successfully.,1.1624665549999917
5cb450df19eba3001270131f,experiment_4,5,LC_discrete_att_all,27.092553429643676,55.794544771721455,[2.5998021],"[['smoothing', 0]]",True,Optimization terminated successfully.,0.7881735466663182
5d00bb3b51669b000136a986,experiment_4,5,LC_discrete_att_all,47.927413205079596,97.4642643225933,[0.61873411],"[['smoothing', 0]]",True,Optimization terminated successfully.,0.7967289449996315
5d77679546b49c0001fe0c03,experiment_4,5,LC_discrete_att_all,33.645725192874394,68.90088829818289,[2.06276566],"[['smoothing', 0]]",True,Optimization terminated successfully.,0.8816417716666668
5d7e41aea60f7b00013cf1af,experiment_4,5,LC_discrete_att_all,42.55437367485624,86.71818526214658,[1.31662964],"[['smoothing', 0]]",True,Optimization terminated successfully.,0.4752141649999733
5dab6e7d80e1780016d5bc9b,experiment_4,5,LC_discrete_att_all,33.60794542837236,68.82532876917882,[2.06504004],"[['smoothing', 0]]",True,Optimization terminated successfully.,0.8754103816667339
5ddb0d8c9dac7ca8a61b00fd,experiment_4,5,LC_discrete_att_all,32.67283537877269,66.95510866997948,[2.1844146],"[['smoothing', 0]]",True,Optimization terminated successfully.,1.0432755766664437
5ddd2275946f7cc8b0efb547,experiment_4,5,LC_discrete_att_all,39.69205946005525,80.9935568325446,[1.58482666],"[['smoothing', 0]]",True,Optimization terminated successfully.,1.1312570983335415
5e04595a4fa02aefdb9c9ced,experiment_4,5,LC_discrete_att_all,29.626752768326977,60.86294344908806,[2.35267589],"[['smoothing', 0]]",True,Optimization terminated successfully.,1.0637321333332996
5e3df819d96094073a9c939a,experiment_4,5,LC_discrete_att_all,47.83905646489698,97.28755084222806,[0.72388638],"[['smoothing', 0]]",True,Optimization terminated successfully.,0.3811261283335625
5e482f13410cd9000bc937bb,experiment_4,5,LC_discrete_att_all,31.352734753276014,64.31490741898612,[2.24337622],"[['smoothing', 0]]",True,Optimization terminated successfully.,0.7745439233335977
5e6de0802649e039418cabd5,experiment_4,5,LC_discrete_att_all,24.692686216859336,50.994810346152775,[2.78976313],"[['smoothing', 0]]",True,Optimization terminated successfully.,0.7742054450000675
5e7b1409f898741063f7a2f1,experiment_4,5,LC_discrete_att_all,36.426341220372095,74.46212035317829,[1.86722932],"[['smoothing', 0]]",True,Optimization terminated successfully.,1.123568329999883
5e7cb947659c7606131b5257,experiment_4,5,LC_discrete_att_all,34.90706767729122,71.42357326701654,[1.97184344],"[['smoothing', 0]]",True,Optimization terminated successfully.,1.0020267199996549
5e89d0a17ec160000888ee98,experiment_4,5,LC_discrete_att_all,40.36415800635056,82.33775392513522,[1.51384677],"[['smoothing', 0]]",True,Optimization terminated successfully.,1.1777476749998945
5e8ef2059eeb7a1af7502f3c,experiment_4,5,LC_discrete_att_all,34.96531731372123,71.54007253987656,[1.93287154],"[['smoothing', 0]]",True,Optimization terminated successfully.,1.0962529633330027
5e99df633de3190530449f5c,experiment_4,5,LC_discrete_att_all,34.69076296433525,70.9909638411046,[1.98817029],"[['smoothing', 0]]",True,Optimization terminated successfully.,1.064307765000073
5ea1fd326a1a5b0f94637a31,experiment_4,5,LC_discrete_att_all,38.816388785181516,79.24221548279714,[1.6498016],"[['smoothing', 0]]",True,Optimization terminated successfully.,1.1657041149999714
5ea2bd8b006ae70616ae21ab,experiment_4,5,LC_discrete_att_all,41.78739622738739,85.18423036720888,[1.44361538],"[['smoothing', 0]]",True,Optimization terminated successfully.,1.213708738333177
5ea98f445ef6ee093f4f05ec,experiment_4,5,LC_discrete_att_all,36.05118923208938,73.71181637661286,[1.92510694],"[['smoothing', 0]]",True,Optimization terminated successfully.,1.1879626116666866
5ec2cc6ace4b500d365da245,experiment_4,5,LC_discrete_att_all,21.266457231266347,44.1423523749668,[3.03207503],"[['smoothing', 0]]",True,Optimization terminated successfully.,1.0797115566669768
5ecb1505f9688367eddcc652,experiment_4,5,LC_discrete_att_all,45.24942583952366,92.10828959148142,[1.26144147],"[['smoothing', 0]]",True,Optimization terminated successfully.,0.4630871433332989
5ed3b2b3397ebb01e2c64923,experiment_4,5,LC_discrete_att_all,48.28313737302396,98.17571265848203,[9.01337165e-12],"[['smoothing', 0]]",True,Optimization terminated successfully.,0.4190741300000809
5ed9111a0e4140448926fcd4,experiment_4,5,LC_discrete_att_all,38.09899971346886,77.80743733937182,[1.71195971],"[['smoothing', 0]]",True,Optimization terminated successfully.,1.14175168833317
5ee29b48f876547924af1c69,experiment_4,5,LC_discrete_att_all,22.297812578974693,46.20506307038349,[2.89147918],"[['smoothing', 0]]",True,Optimization terminated successfully.,0.8004831966667553
5eeb40268b898027a055bfa3,experiment_4,5,LC_discrete_att_all,29.955115280631375,61.51966847369685,[2.31975559],"[['smoothing', 0]]",True,Optimization terminated successfully.,1.1481339683329377
5ef89a0c27c8ea5e88ff92a5,experiment_4,5,LC_discrete_att_all,31.0045859229362,63.618609758306505,[2.25626878],"[['smoothing', 0]]",True,Optimization terminated successfully.,0.7917370099996333
5f059570e74e9a0296628aeb,experiment_4,5,LC_discrete_att_all,24.34044421985288,50.290326352139864,[2.7841078],"[['smoothing', 0]]",True,Optimization terminated successfully.,0.7867507316666889
5f149b7dab1b5e096ca4f39e,experiment_4,5,LC_discrete_att_all,48.03513293280899,97.67970377805209,[0.39615562],"[['smoothing', 0]]",True,Optimization terminated successfully.,0.7705714716668202
5f1ff0f7027b2823badd501b,experiment_4,5,LC_discrete_att_all,31.243904794307042,64.09724750104819,[2.34034367],"[['smoothing', 0]]",True,Optimization terminated successfully.,0.9515798583335708
5f39653865d6044d868f1bd1,experiment_4,5,LC_discrete_att_all,43.41062401973672,88.43068595190755,[1.21778634],"[['smoothing', 0]]",True,Optimization terminated successfully.,0.47222070833328567
5f4bf2e84e8b086d12006ddc,experiment_4,5,LC_discrete_att_all,31.816047167978528,65.24153224839115,[2.22917308],"[['smoothing', 0]]",True,Optimization terminated successfully.,0.7849289683334064
5f57d2c5f35d4a2e440a4bad,experiment_4,5,LC_discrete_att_all,30.857722168050934,63.32488224853597,[2.23548375],"[['smoothing', 0]]",True,Optimization terminated successfully.,0.7821879833330362
5f5aa6d5b8e6411a69e274d5,experiment_4,5,LC_discrete_att_all,28.510671849009317,58.630781610452736,[2.40982937],"[['smoothing', 0]]",True,Optimization terminated successfully.,1.1895835116670546
5f5e2b126352f0691ad71e33,experiment_4,5,LC_discrete_att_all,38.895348723428135,79.40013535929037,[1.64370302],"[['smoothing', 0]]",True,Optimization terminated successfully.,1.071939986666742
5f7644463bf0b60ced3a6757,experiment_4,5,LC_discrete_att_all,36.711222558615944,75.03188302966599,[1.80799937],"[['smoothing', 0]]",True,Optimization terminated successfully.,1.1241448150001816
5f7694edc99f3112b494e122,experiment_4,5,LC_discrete_att_all,46.52309596713239,94.65562984669889,[0.91184363],"[['smoothing', 0]]",True,Optimization terminated successfully.,0.2636569433331412
5f83c8f31854ab56a1f68bea,experiment_4,5,LC_discrete_att_all,38.54928116817489,78.70800024878389,[1.65459789],"[['smoothing', 0]]",True,Optimization terminated successfully.,1.0398408283329141
5f93fecc66720e1e31e43464,experiment_4,5,LC_discrete_att_all,39.077797028808064,79.76503197005023,[1.67008549],"[['smoothing', 0]]",True,Optimization terminated successfully.,1.0243154083330106
5fad5859d0c7c602ce4d46db,experiment_4,5,LC_discrete_att_all,28.57612774173077,58.76169339589564,[2.76862867],"[['smoothing', 0]]",True,Optimization terminated successfully.,1.1120837933335375
5fae721319e73f2ff0c6605a,experiment_4,5,LC_discrete_att_all,48.2831373730235,98.1757126584811,[8.85415417e-12],"[['smoothing', 0]]",True,Optimization terminated successfully.,1.4614301516664758
5fd3789cee06d705f5e783cc,experiment_4,5,LC_discrete_att_all,48.25445265932599,98.11834323108609,[0.12027166],"[['smoothing', 0]]",True,Optimization terminated successfully.,1.48679183999969
5fd8d828c853592bc565d160,experiment_4,5,LC_discrete_att_all,33.399029045847556,68.40749600412921,[2.14189942],"[['smoothing', 0]]",True,Optimization terminated successfully.,1.0832493499998237
6017acc5665c42a2ae18dc42,experiment_4,5,LC_discrete_att_all,37.863695442780035,77.33682879799417,[1.74196801],"[['smoothing', 0]]",True,Optimization terminated successfully.,1.1181588600001608
601903cdcd7cd6213bf60d64,experiment_4,5,LC_discrete_att_all,37.35305631940996,76.31555055125402,[1.78880718],"[['smoothing', 0]]",True,Optimization terminated successfully.,1.3371652683330466
6019bdc7141cd215ad62fd91,experiment_4,5,LC_discrete_att_all,23.060929908374256,47.731297729182614,[2.83483164],"[['smoothing', 0]]",True,Optimization terminated successfully.,0.7930943699999867
603e80821e9e5ed5aa62a889,experiment_4,5,LC_discrete_att_all,42.02093127604191,85.65130046451792,[1.38747506],"[['smoothing', 0]]",True,Optimization terminated successfully.,0.5103541800000433
604a3f554e0e49706d1e3dca,experiment_4,5,LC_discrete_att_all,33.63325070117311,68.87593931478033,[2.06937257],"[['smoothing', 0]]",True,Optimization terminated successfully.,0.8680845599999885
605b98c83da1ded576bcf096,experiment_4,5,LC_discrete_att_all,42.723628850617146,87.0566956136684,[1.31454912],"[['smoothing', 0]]",True,Optimization terminated successfully.,0.47377514833351597
607720d63363a7f7681aca7b,experiment_4,5,LC_discrete_att_all,30.608626976938925,62.826691866311954,[2.35570523],"[['smoothing', 0]]",True,Optimization terminated successfully.,1.4016400916666802
607ef0b00dba56a5a84bcc96,experiment_4,5,LC_discrete_att_all,36.44298655867737,74.49541102978884,[1.8393553],"[['smoothing', 0]]",True,Optimization terminated successfully.,1.3214461099996697
6082f7e90a6e0ea1f8c6d7cb,experiment_4,5,LC_discrete_att_all,33.75134021896214,69.11211835035839,[2.0708135],"[['smoothing', 0]]",True,Optimization terminated successfully.,0.8700125833333004
60b8b5dcb46db8ae98d0b047,experiment_4,5,LC_discrete_att_all,48.2831373730302,98.1757126584945,[9.01337165e-12],"[['smoothing', 0]]",True,Optimization terminated successfully.,1.9129061050000018
60d0c9c5ee2b2dc08edb7f01,experiment_4,5,LC_discrete_att_all,34.81996016018954,71.24935823281318,[1.95320578],"[['smoothing', 0]]",True,Optimization terminated successfully.,1.1545776649999122
60d5f605483d5fe184fcaad8,experiment_4,5,LC_discrete_att_all,36.975841664472085,75.56112124137827,[1.8201674],"[['smoothing', 0]]",True,Optimization terminated successfully.,1.1901034483331994
60d9a60a626e5d9fce67d7b2,experiment_4,5,LC_discrete_att_all,38.39333032893574,78.39609857030558,[1.71581592],"[['smoothing', 0]]",True,Optimization terminated successfully.,1.0375739349998185
60e300f65d7edf36d98b2880,experiment_4,5,LC_discrete_att_all,41.80826334246528,85.22596459736467,[1.40933376],"[['smoothing', 0]]",True,Optimization terminated successfully.,1.149415203333289
60eb20d523c5349e4f7753cc,experiment_4,5,LC_discrete_att_all,48.28313737302432,98.17571265848274,[9.01337165e-12],"[['smoothing', 0]]",True,Optimization terminated successfully.,1.3658958616666497
60eccd4d9b4a0c1f4ab919a4,experiment_4,5,LC_discrete_att_all,39.99917983055098,81.60779757353606,[1.61006106],"[['smoothing', 0]]",True,Optimization terminated successfully.,1.2582679316663417
60eee201a7ffc5b0e034e73e,experiment_4,5,LC_discrete_att_all,35.327988308372966,72.26541452918003,[1.93374793],"[['smoothing', 0]]",True,Optimization terminated successfully.,1.0021852416665449
60f02e0e88e928ae017e919c,experiment_4,5,LC_discrete_att_all,38.64078662552664,78.89101116348738,[1.69692431],"[['smoothing', 0]]",True,Optimization terminated successfully.,1.1475506149998789
60f1ce9c530c91c0a6e9dab0,experiment_4,5,LC_discrete_att_all,48.2831373730323,98.1757126584987,[9.01337165e-12],"[['smoothing', 0]]",True,Optimization terminated successfully.,1.9019878049997108
60f3d8fe0f2cf8ee0180546b,experiment_4,5,LC_discrete_att_all,45.65719798480576,92.92383388204563,[0.92490072],"[['smoothing', 0]]",True,Optimization terminated successfully.,0.25663105166653016
60f47d6edc0a9f0f80bca456,experiment_4,5,LC_discrete_att_all,48.04318860604097,97.69581512451605,[0.30930753],"[['smoothing', 0]]",True,Optimization terminated successfully.,0.8979982233334644
60f6f802c0ede08f7cf69720,experiment_4,5,LC_discrete_att_all,48.28313737302674,98.17571265848758,[9.01337165e-12],"[['smoothing', 0]]",True,Optimization terminated successfully.,0.7657008716666799
60f88d7fef1959734061e5a7,experiment_4,5,LC_discrete_att_all,47.98740537900655,97.58424867044721,[0.3850442],"[['smoothing', 0]]",True,Optimization terminated successfully.,0.9266031866665192
60fd944e3965e6eb9e783b87,experiment_4,5,LC_discrete_att_all,35.64250336608901,72.89444464461212,[1.95144027],"[['smoothing', 0]]",True,Optimization terminated successfully.,1.0684120233330758
61002bd1c5ea49ea62f4a431,experiment_4,5,LC_discrete_att_all,35.41885457359408,72.44714705962227,[1.9598801],"[['smoothing', 0]]",True,Optimization terminated successfully.,1.2096902783334371
610063b7b50c4e9488e77eca,experiment_4,5,LC_discrete_att_all,29.071838477569028,59.75311486757216,[2.42936744],"[['smoothing', 0]]",True,Optimization terminated successfully.,1.2108865899999122
6105c826905d93532f4c8cd3,experiment_4,5,LC_discrete_att_all,40.15011245998168,81.90966283239746,[1.52065331],"[['smoothing', 0]]",True,Optimization terminated successfully.,0.954396044999885
610816a86c5fb2400acb3bb8,experiment_4,5,LC_discrete_att_all,31.16115923349761,63.93175637942932,[2.23956736],"[['smoothing', 0]]",True,Optimization terminated successfully.,0.7934890766666892
610846dd7da13e7eb86a6f39,experiment_4,5,LC_discrete_att_all,36.92756127870093,75.46456046983596,[1.82771625],"[['smoothing', 0]]",True,Optimization terminated successfully.,1.0989635833335343
610cda1332fb63830158c55d,experiment_4,5,LC_discrete_att_all,37.10522384343189,75.81988559929788,[1.79750446],"[['smoothing', 0]]",True,Optimization terminated successfully.,0.8747283266668091
610fcfe70592d59fc629f2a5,experiment_4,5,LC_discrete_att_all,41.45785204549749,84.52514200342908,[1.40530843],"[['smoothing', 0]]",True,Optimization terminated successfully.,1.165837875000337
61104698e0ea6c52b2a2c1be,experiment_4,5,LC_discrete_att_all,43.544874537881604,88.69918698819731,[1.30620015],"[['smoothing', 0]]",True,Optimization terminated successfully.,0.453913491666511
61157d170c26d85a7eb04dfa,experiment_4,5,LC_discrete_att_all,48.25234269237111,98.11412329717632,[0.13563623],"[['smoothing', 0]]",True,Optimization terminated successfully.,1.0685283833333719
611bb2a6d9678117db737236,experiment_4,5,LC_discrete_att_all,38.71485385904259,79.03914563051929,[1.76795792],"[['smoothing', 0]]",True,Optimization terminated successfully.,1.167296051666684
611cf2fd04c64ae9781b55e5,experiment_4,5,LC_discrete_att_all,48.28313737302566,98.17571265848542,[9.01337165e-12],"[['smoothing', 0]]",True,Optimization terminated successfully.,1.8534356233334013
611df8db8ecf47bb14385383,experiment_4,5,LC_discrete_att_all,45.87783234034603,93.36510259312617,[0.8750745],"[['smoothing', 0]]",True,Optimization terminated successfully.,1.2300701566666248
611f7047eaa28b1cf9ae51e2,experiment_4,5,LC_discrete_att_all,48.28313737302301,98.17571265848012,[38.8989121],"[['smoothing', 0]]",True,Optimization terminated successfully.,0.031265943332982715
612376826a580ca0368bb19f,experiment_4,5,LC_discrete_att_all,32.958315351477935,67.52606861538997,[2.07945595],"[['smoothing', 0]]",True,Optimization terminated successfully.,0.9323862949997419
6123c895dc579c298d2f1b28,experiment_4,5,LC_discrete_att_all,40.74486857990455,83.0991750722432,[1.51782454],"[['smoothing', 0]]",True,Optimization terminated successfully.,0.9848980316669137
612520bd6605794b27e6a0fd,experiment_4,5,LC_discrete_att_all,27.68272695094828,56.97489181433066,[2.49297492],"[['smoothing', 0]]",True,Optimization terminated successfully.,1.1283524066665753
612bcb7cd77f28008c99a02b,experiment_4,5,LC_discrete_att_all,48.2831373730247,98.1757126584835,[9.01337165e-12],"[['smoothing', 0]]",True,Optimization terminated successfully.,1.9129295983337216
612ece428a05456e8c139f24,experiment_4,5,LC_discrete_att_all,22.116679169811867,45.84279625205784,[2.91699153],"[['smoothing', 0]]",True,Optimization terminated successfully.,0.7991521250000612
6136118bad9cfc727875ff1d,experiment_4,5,LC_discrete_att_all,48.28313737303846,98.17571265851102,[9.01337165e-12],"[['smoothing', 0]]",True,Optimization terminated successfully.,1.7650626949999908
614db36e092327bf23247406,experiment_4,5,LC_discrete_att_all,47.878542721955235,97.36652335634457,[0.44510607],"[['smoothing', 0]]",True,Optimization terminated successfully.,0.8052784483331682
614edc28c06016196b8d6a40,experiment_4,5,LC_discrete_att_all,36.13701887158255,73.8834756555992,[1.92935933],"[['smoothing', 0]]",True,Optimization terminated successfully.,1.127974690000216
6152f8ecefde7f8298316ee6,experiment_4,5,LC_discrete_att_all,29.00916507072643,59.62776805388696,[2.39846045],"[['smoothing', 0]]",True,Optimization terminated successfully.,1.037370266666888
615723658f8da6931e2f13af,experiment_4,5,LC_discrete_att_all,28.221766833865168,58.05297158016444,[2.42628862],"[['smoothing', 0]]",True,Optimization terminated successfully.,1.1062975450001735
61574e41214a73351c521d59,experiment_4,5,LC_discrete_att_all,43.88609457559525,89.3816270636246,[1.23682982],"[['smoothing', 0]]",True,Optimization terminated successfully.,0.3627909683331382
6159dadf97b3d488c08d4f01,experiment_4,4,LC_discrete_att_all,28.62818708098597,58.64266852309183,[1.94512181],"[['smoothing', 0]]",True,Optimization terminated successfully.,0.854073048333521
6159e8d7327e9932b6cc3333,experiment_4,5,LC_discrete_att_all,48.28313737304785,98.1757126585298,[9.01337165e-12],"[['smoothing', 0]]",True,Optimization terminated successfully.,1.9047207883336037
615f3ab1cca1aeec1f5990a3,experiment_4,5,LC_discrete_att_all,45.36009963477703,92.32963718198816,[0.95968119],"[['smoothing', 0]]",True,Optimization terminated successfully.,0.2554566633334616
61686eac91f3797791f3e14c,experiment_4,5,LC_discrete_att_all,33.18953231394789,67.98850254032989,[2.15323224],"[['smoothing', 0]]",True,Optimization terminated successfully.,1.1450497550002183
616a1875b47d519ccfc44f12,experiment_4,5,LC_discrete_att_all,34.66548025678212,70.94039842599834,[2.00787506],"[['smoothing', 0]]",True,Optimization terminated successfully.,1.319118136666657
616a8502cf9f59ac63569662,experiment_4,5,LC_discrete_att_all,46.177820910792676,93.96507973401945,[0.86875439],"[['smoothing', 0]]",True,Optimization terminated successfully.,1.312522418333295
61712faf3df2dd32312349b3,experiment_4,5,LC_discrete_att_all,40.300636128236334,82.21071016890677,[1.73653591],"[['smoothing', 0]]",True,Optimization terminated successfully.,1.2278870016666283
6175dfa41b18f404d6ed8ab6,experiment_4,5,LC_discrete_att_all,35.47160784360279,72.55265359963968,[1.97599467],"[['smoothing', 0]]",True,Optimization terminated successfully.,1.2730575850000605
